Lote,Modelo
01-01,TÉRREA LÍRIO
01-02,TÉRREA ORQUÍDEA
01-03,TÉRREA LÍRIO
01-04,TÉRREA LÍRIO
01-05,TÉRREA LÍRIO
01-06,TÉRREA LÍRIO
01-07,SOBRADO AZALÉIA 4QIG
02-01,SOBRADO ACÁCIA 3Q3S
02-02,TÉRREA ORQUÍDEA
02-03,TÉRREA LÍRIO
02-04,TÉRREA LÍRIO
02-05,TÉRREA ORQUÍDEA
02-06,SOBRADO ACÁCIA 3Q3S
02-07,TÉRREA LÍRIO
02-08,TÉRREA LÍRIO
02-09,TÉRREA LÍRIO
02-10,TÉRREA LÍRIO
02-11,SOBRADO ACÁCIA 3Q3S
02-12,TÉRREA LÍRIO
02-13,TÉRREA LÍRIO
02-14,SOBRADO ACÁCIA 3Q3S
02-15,SOBRADO ACÁCIA 3Q3S
02-16,SOBRADO AZALÉIA 3Q3S
02-17,SOBRADO ACÁCIA 3Q3S
02-18,SOBRADO AZALÉIA 3Q3S
02-19,SOBRADO AZALÉIA 3Q3S
02-20,SOBRADO AZALÉIA 3Q3S
02-21,SOBRADO ACÁCIA 3Q3S
02-22,SOBRADO ACÁCIA 3Q3S
02-23,SOBRADO AZALÉIA 3Q3S
02-24,SOBRADO ACÁCIA 3Q3S
03-01,SOBRADO AZALÉIA 4QIG
03-02,SOBRADO ACÁCIA 3Q3S
03-03,SOBRADO ACÁCIA 3Q3S
03-04,TÉRREA LÍRIO
03-05,TÉRREA LÍRIO
03-06,TÉRREA LÍRIO
03-07,TÉRREA LÍRIO
03-08,TÉRREA LÍRIO
03-09,TÉRREA LÍRIO
03-10,TÉRREA LÍRIO
03-11,TÉRREA ORQUÍDEA
03-12,SOBRADO AZALÉIA 3Q3S
03-13,SOBRADO AZALÉIA 3Q3S
03-14,SOBRADO ACÁCIA 3Q3S
03-15,SOBRADO ACÁCIA 3Q3S
03-16,SOBRADO ACÁCIA 3Q3S
03-17,SOBRADO ACÁCIA 3Q3S
03-18,SOBRADO AZALÉIA 3Q3S
03-19,SOBRADO ACÁCIA 3Q3S
03-20,SOBRADO AZALÉIA 3Q3S
04-01,TÉRREA LÍRIO
04-02,TÉRREA ORQUÍDEA
04-03,SOBRADO AZALÉIA 4QIG
04-04,TÉRREA ORQUÍDEA
04-05,SOBRADO ACÁCIA 4QIG
04-06,TÉRREA LÍRIO
04-07,TÉRREA LÍRIO
04-08,TÉRREA LÍRIO
04-09,TÉRREA ORQUÍDEA
04-10,TÉRREA LÍRIO
04-11,TÉRREA ORQUÍDEA
04-12,TÉRREA LÍRIO
04-13,TÉRREA LÍRIO
04-14,TÉRREA LÍRIO
04-15,TÉRREA LÍRIO
04-16,TÉRREA LÍRIO
04-17,SOBRADO ACÁCIA 4QIG
04-18,SOBRADO ACÁCIA 4QIG
04-19,SOBRADO ACÁCIA 4QIG
04-20,SOBRADO AZALÉIA 4QIG
04-21,SOBRADO AZALÉIA 4QIG
04-22,SOBRADO AZALÉIA 4QIG
04-23,SOBRADO AZALÉIA 4QIG
04-24,SOBRADO AZALÉIA 4QIG
04-25,SOBRADO AZALÉIA 4QIG
04-26,SOBRADO ACÁCIA 4QIG
04-27,SOBRADO AZALÉIA 4QIG
04-28,SOBRADO AZALÉIA 4QIG
04-29,SOBRADO ACÁCIA 4QIG
04-30,SOBRADO AZALÉIA 4QIG
04-31,SOBRADO ACÁCIA 4QIG
05-01,SOBRADO AZALÉIA 4QIG
05-02,SOBRADO AZALÉIA 3Q3S
05-03,TÉRREA LÍRIO
05-04,TÉRREA LÍRIO
05-05,TÉRREA LÍRIO
05-06,TÉRREA ORQUÍDEA
05-07,TÉRREA LÍRIO
05-08,SOBRADO ACÁCIA 3Q3S
05-09,SOBRADO AZALÉIA 3Q3S
05-10,TÉRREA LÍRIO
05-11,TÉRREA LÍRIO
05-12,TÉRREA ORQUÍDEA
05-13,TÉRREA LÍRIO
05-14,TÉRREA LÍRIO
05-15,TÉRREA LÍRIO
05-16,TÉRREA LÍRIO
05-17,TÉRREA ORQUÍDEA
05-18,TÉRREA ORQUÍDEA
05-19,SOBRADO AZALÉIA 3Q3S
05-20,SOBRADO AZALÉIA 3Q3S
05-21,SOBRADO AZALÉIA 3Q3S
05-22,SOBRADO AZALÉIA 3Q3S
05-23,SOBRADO AZALÉIA 3Q3S
05-24,SOBRADO ACÁCIA 3Q3S
05-25,SOBRADO AZALÉIA 3Q3S
05-26,SOBRADO AZALÉIA 3Q3S
05-27,SOBRADO AZALÉIA 3Q3S
05-28,SOBRADO ACÁCIA 3Q3S
05-29,SOBRADO ACÁCIA 3Q3S
05-30,SOBRADO AZALÉIA 3Q3S
05-31,SOBRADO ACÁCIA 3Q3S
05-32,SOBRADO ACÁCIA 3Q3S
05-33,SOBRADO AZALÉIA 3Q3S
05-34,SOBRADO ACÁCIA 3Q3S
06-01,SOBRADO AZALÉIA 4QIG
06-02,SOBRADO AZALÉIA 4QIG
06-03,SOBRADO AZALÉIA 4QIG
06-04,SOBRADO AZALÉIA 4QIG
06-05,SOBRADO AZALÉIA 4QIG
06-06,SOBRADO AZALÉIA 4QIG
06-07,SOBRADO AZALÉIA 4QIG
06-08,SOBRADO AZALÉIA 4QIG
06-09,SOBRADO ACÁCIA 4QIG
06-10,SOBRADO AZALÉIA 4QIG
06-11,SOBRADO AZALÉIA 4QIG
06-12,SOBRADO AZALÉIA 4QIG
06-13,SOBRADO ACÁCIA 4QIG
06-14,SOBRADO AZALÉIA 4QIG
06-15,SOBRADO AZALÉIA 4QIG
06-16,SOBRADO ACÁCIA 4QIG
06-17,SOBRADO AZALÉIA 4QIG
06-18,SOBRADO AZALÉIA 4QIG
06-19,SOBRADO AZALÉIA 4QIG
06-20,SOBRADO AZALÉIA 4QIG
06-21,SOBRADO AZALÉIA 4QIG
06-22,SOBRADO AZALÉIA 4QIG
06-23,SOBRADO ACÁCIA 4QIG
06-24,SOBRADO AZALÉIA 4QIG
06-25,SOBRADO AZALÉIA 4QIG
06-26,SOBRADO AZALÉIA 4QIG
06-27,SOBRADO AZALÉIA 4QIG
06-28,SOBRADO ACÁCIA 4QIG
06-29,SOBRADO ACÁCIA 4QIG
06-30,SOBRADO AZALÉIA 4QIG
06-31,SOBRADO ACÁCIA 4QIG
06-32,SOBRADO ACÁCIA 4QIG
06-33,SOBRADO AZALÉIA 4QIG
06-34,SOBRADO ACÁCIA 4QIG
06-35,SOBRADO AZALÉIA 4QIG
07-01,SOBRADO AZALÉIA 4QIG
07-02,SOBRADO ACÁCIA 4QIG
07-03,SOBRADO AZALÉIA 4QIG
07-04,SOBRADO AZALÉIA 4QIG
07-05,SOBRADO AZALÉIA 4QIG
07-06,SOBRADO ACÁCIA 4QIG
07-07,SOBRADO AZALÉIA 4QIG
07-08,SOBRADO AZALÉIA 4QIG
07-09,SOBRADO AZALÉIA 4QIG
07-10,SOBRADO AZALÉIA 4QIG
07-11,SOBRADO ACÁCIA 4QIG
07-12,SOBRADO AZALÉIA 4QIG
07-13,SOBRADO AZALÉIA 4QIG
07-14,SOBRADO ACÁCIA 4QIG
07-15,SOBRADO ACÁCIA 4QIG
07-16,SOBRADO AZALÉIA 4QIG
07-17,SOBRADO AZALÉIA 4QIG
07-18,SOBRADO AZALÉIA 4QIG
07-19,SOBRADO ACÁCIA 4QIG
07-20,SOBRADO AZALÉIA 4QIG
07-21,SOBRADO AZALÉIA 4QIG
07-22,SOBRADO ACÁCIA 3Q3S
07-23,SOBRADO AZALÉIA 3Q3S
07-24,SOBRADO AZALÉIA 3Q3S
07-25,SOBRADO ACÁCIA 3Q3S
07-26,SOBRADO ACÁCIA 3Q3S
07-27,SOBRADO ACÁCIA 3Q3S
07-28,SOBRADO ACÁCIA 3Q3S
07-29,SOBRADO AZALÉIA 3Q3S
07-30,SOBRADO ACÁCIA 3Q3S
07-31,SOBRADO ACÁCIA 3Q3S
07-32,SOBRADO AZALÉIA 3Q3S
07-33,SOBRADO ACÁCIA 3Q3S
07-34,SOBRADO ACÁCIA 3Q3S
07-35,SOBRADO AZALÉIA 3Q3S
07-36,SOBRADO AZALÉIA 3Q3S
07-37,SOBRADO AZALÉIA 3Q3S
07-38,SOBRADO ACÁCIA 3Q3S
07-39,SOBRADO AZALÉIA 3Q3S
07-40,SOBRADO ACÁCIA 3Q3S
07-41,SOBRADO ACÁCIA 3Q3S
07-42,SOBRADO AZALÉIA 3Q3S
07-43,SOBRADO ACÁCIA 3Q3S
08-01,SOBRADO AZALÉIA 4QIG
08-02,TÉRREA LÍRIO
08-03,TÉRREA ORQUÍDEA
08-04,TÉRREA ORQUÍDEA
08-05,TÉRREA LÍRIO
08-06,TÉRREA LÍRIO
08-07,TÉRREA ORQUÍDEA
08-08,TÉRREA LÍRIO
08-09,SOBRADO AZALÉIA 4QIG
08-10,SOBRADO ACÁCIA 4QIG
08-11,TÉRREA ORQUÍDEA
08-12,TÉRREA ORQUÍDEA
08-13,TÉRREA ORQUÍDEA
08-14,TÉRREA LÍRIO
08-15,SOBRADO ACÁCIA 4QIG
08-16,TÉRREA LÍRIO
08-17,TÉRREA LÍRIO
08-18,SOBRADO AZALÉIA 4QIG
08-19,TÉRREA LÍRIO
08-20,TÉRREA LÍRIO
08-21,TÉRREA LÍRIO
08-22,SOBRADO AZALÉIA 4QIG
08-23,SOBRADO AZALÉIA 4QIG
08-24,SOBRADO AZALÉIA 4QIG
08-25,SOBRADO AZALÉIA 4QIG
08-26,SOBRADO AZALÉIA 4QIG
08-27,SOBRADO AZALÉIA 4QIG
08-28,SOBRADO AZALÉIA 4QIG
08-29,SOBRADO AZALÉIA 4QIG
08-30,SOBRADO AZALÉIA 4QIG
08-31,SOBRADO AZALÉIA 4QIG
08-32,SOBRADO AZALÉIA 4QIG
08-33,SOBRADO AZALÉIA 4QIG
08-34,SOBRADO AZALÉIA 4QIG
08-35,SOBRADO AZALÉIA 4QIG
08-36,SOBRADO ACÁCIA 4QIG
08-37,SOBRADO AZALÉIA 4QIG
08-38,SOBRADO AZALÉIA 4QIG
08-39,SOBRADO AZALÉIA 4QIG
08-40,SOBRADO ACÁCIA 4QIG
08-41,SOBRADO AZALÉIA 4QIG
08-42,SOBRADO AZALÉIA 4QIG
09-01,SOBRADO AZALÉIA 4QIG
09-02,SOBRADO ACÁCIA 4QIG
09-03,SOBRADO ACÁCIA 4QIG
09-04,SOBRADO AZALÉIA 4QIG
09-05,SOBRADO AZALÉIA 4QIG
09-06,SOBRADO AZALÉIA 4QIG
09-07,SOBRADO AZALÉIA 4QIG
09-08,SOBRADO AZALÉIA 4QIG
09-09,SOBRADO AZALÉIA 4QIG
09-10,SOBRADO AZALÉIA 4QIG
09-11,SOBRADO AZALÉIA 4QIG
09-12,SOBRADO AZALÉIA 4QIG
09-13,SOBRADO AZALÉIA 4QIG
09-14,SOBRADO AZALÉIA 4QIG
09-15,SOBRADO AZALÉIA 4QIG
09-16,SOBRADO AZALÉIA 4QIG
09-17,SOBRADO AZALÉIA 4QIG
09-18,SOBRADO ACÁCIA 4QIG
09-19,SOBRADO AZALÉIA 4QIG
09-20,SOBRADO ACÁCIA 4QIG
09-21,SOBRADO AZALÉIA 4QIG
09-22,SOBRADO AZALÉIA 4QIG
09-23,SOBRADO AZALÉIA 4QIG
09-24,SOBRADO ACÁCIA 4QIG
09-25,SOBRADO AZALÉIA 4QIG
09-26,SOBRADO AZALÉIA 4QIG
09-27,SOBRADO ACÁCIA 4QIG
09-28,SOBRADO AZALÉIA 4QIG
09-29,SOBRADO AZALÉIA 4QIG
09-30,SOBRADO AZALÉIA 4QIG
09-31,SOBRADO AZALÉIA 4QIG
09-32,SOBRADO ACÁCIA 4QIG
09-33,SOBRADO AZALÉIA 4QIG
09-34,SOBRADO ACÁCIA 4QIG
09-35,SOBRADO AZALÉIA 4QIG
09-36,SOBRADO AZALÉIA 4QIG
09-37,SOBRADO ACÁCIA 4QIG
10-01,SOBRADO ACÁCIA 4QIG
10-02,SOBRADO ACÁCIA 4QIG
10-03,SOBRADO AZALÉIA 4QIG
10-04,SOBRADO AZALÉIA 4QIG
10-05,SOBRADO AZALÉIA 4QIG
10-06,SOBRADO AZALÉIA 4QIG
10-07,SOBRADO AZALÉIA 4QIG
10-08,SOBRADO AZALÉIA 4QIG
10-09,TÉRREA LÍRIO
10-10,SOBRADO AZALÉIA 4QIG
10-11,SOBRADO AZALÉIA 4QIG
10-12,SOBRADO AZALÉIA 4QIG
10-13,SOBRADO AZALÉIA 4QIG
10-14,SOBRADO AZALÉIA 4QIG
10-15,SOBRADO AZALÉIA 4QIG
10-16,SOBRADO AZALÉIA 4QIG
10-17,SOBRADO AZALÉIA 4QIG
10-18,SOBRADO AZALÉIA 4QIG
10-19,SOBRADO AZALÉIA 4QIG
11-01,SOBRADO AZALÉIA 4QIG
11-02,SOBRADO ACÁCIA 4QIG
11-03,SOBRADO AZALÉIA 4QIG
11-04,SOBRADO ACÁCIA 4QIG
11-05,SOBRADO AZALÉIA 4QIG
11-06,SOBRADO ACÁCIA 4QIG
11-07,SOBRADO AZALÉIA 4QIG
11-08,SOBRADO AZALÉIA 4QIG
11-09,SOBRADO AZALÉIA 4QIG
11-10,SOBRADO AZALÉIA 4QIG
11-11,SOBRADO AZALÉIA 4QIG
12-01,SOBRADO AZALÉIA 4QIG
12-02,SOBRADO AZALÉIA 4QIG
12-03,SOBRADO AZALÉIA 4QIG
12-04,SOBRADO AZALÉIA 4QIG
12-05,SOBRADO AZALÉIA 4QIG
12-06,SOBRADO AZALÉIA 4QIG
12-07,SOBRADO AZALÉIA 4QIG
12-08,SOBRADO AZALÉIA 4QIG
12-09,SOBRADO AZALÉIA 4QIG
12-10,SOBRADO AZALÉIA 4QIG
12-11,SOBRADO AZALÉIA 4QIG
12-12,SOBRADO ACÁCIA 4QIG
12-13,SOBRADO AZALÉIA 4QIG
12-14,SOBRADO AZALÉIA 4QIG
12-15,SOBRADO AZALÉIA 4QIG
12-16,SOBRADO ACÁCIA 4QIG
12-17,SOBRADO ACÁCIA 4QIG
12-18,SOBRADO AZALÉIA 4QIG
12-19,SOBRADO AZALÉIA 4QIG
12-20,SOBRADO AZALÉIA 4QIG
12-21,SOBRADO AZALÉIA 4QIG
12-22,SOBRADO AZALÉIA 4QIG
12-23,SOBRADO AZALÉIA 4QIG
12-24,SOBRADO AZALÉIA 4QIG
12-25,SOBRADO AZALÉIA 4QIG
12-26,SOBRADO AZALÉIA 4QIG
12-27,SOBRADO AZALÉIA 4QIG
12-28,SOBRADO AZALÉIA 4QIG
12-29,SOBRADO AZALÉIA 4QIG
12-30,SOBRADO ACÁCIA 4QIG
12-31,SOBRADO AZALÉIA 4QIG
12-32,SOBRADO ACÁCIA 4QIG
12-33,SOBRADO AZALÉIA 4QIG
13-01,SOBRADO ACÁCIA 4QIG
13-02,SOBRADO AZALÉIA 4QIG
13-03,SOBRADO ACÁCIA 4QIG
13-04,SOBRADO AZALÉIA 4QIG
13-05,SOBRADO AZALÉIA 4QIG
13-06,SOBRADO ACÁCIA 4QIG
13-07,SOBRADO AZALÉIA 4QIG
13-08,SOBRADO AZALÉIA 4QIG
13-09,SOBRADO AZALÉIA 4QIG
13-10,SOBRADO AZALÉIA 4QIG
13-11,SOBRADO AZALÉIA 4QIG
13-12,SOBRADO AZALÉIA 4QIG
13-13,SOBRADO AZALÉIA 4QIG
13-14,SOBRADO AZALÉIA 4QIG
13-15,SOBRADO AZALÉIA 4QIG
13-16,SOBRADO AZALÉIA 4QIG
13-17,SOBRADO AZALÉIA 4QIG
13-18,SOBRADO AZALÉIA 4QIG
13-19,SOBRADO AZALÉIA 4QIG
13-20,SOBRADO ACÁCIA 4QIG
13-21,SOBRADO AZALÉIA 4QIG
13-22,SOBRADO AZALÉIA 4QIG
13-23,SOBRADO AZALÉIA 4QIG
13-24,SOBRADO AZALÉIA 4QIG
13-25,SOBRADO AZALÉIA 4QIG
13-26,SOBRADO AZALÉIA 4QIG
13-27,SOBRADO AZALÉIA 4QIG
13-28,SOBRADO AZALÉIA 4QIG
13-29,SOBRADO AZALÉIA 4QIG
13-30,SOBRADO AZALÉIA 4QIG
13-31,SOBRADO AZALÉIA 4QIG
13-32,SOBRADO AZALÉIA 4QIG
13-33,SOBRADO ACÁCIA 4QIG
14-01,SOBRADO AZALÉIA 4QIG
14-02,TÉRREA ORQUÍDEA
14-03,TÉRREA ORQUÍDEA
14-04,TÉRREA ORQUÍDEA
14-05,TÉRREA LÍRIO
14-06,TÉRREA LÍRIO
14-07,TÉRREA LÍRIO
14-08,TÉRREA LÍRIO
14-09,TÉRREA LÍRIO
14-10,SOBRADO AZALÉIA 4QIG
14-11,TÉRREA LÍRIO
14-12,TÉRREA LÍRIO
14-13,TÉRREA LÍRIO
14-14,SOBRADO ACÁCIA 4QIG
14-15,SOBRADO AZALÉIA 4QIG
14-16,SOBRADO AZALÉIA 4QIG
14-17,SOBRADO AZALÉIA 4QIG
14-18,SOBRADO AZALÉIA 4QIG
14-19,SOBRADO AZALÉIA 4QIG
14-20,SOBRADO AZALÉIA 4QIG
14-21,SOBRADO ACÁCIA 4QIG
14-22,SOBRADO AZALÉIA 4QIG
14-23,SOBRADO AZALÉIA 4QIG
14-24,SOBRADO AZALÉIA 4QIG
14-25,SOBRADO AZALÉIA 4QIG
14-26,SOBRADO AZALÉIA 4QIG
14-27,SOBRADO AZALÉIA 4QIG
14-28,SOBRADO AZALÉIA 4QIG
14-29,SOBRADO AZALÉIA 4QIG
14-30,SOBRADO AZALÉIA 3Q3S
15-01,TÉRREA ORQUÍDEA
15-02,SOBRADO AZALÉIA 4QIG
15-03,TÉRREA LÍRIO
15-04,TÉRREA LÍRIO
15-05,TÉRREA LÍRIO
15-06,TÉRREA ORQUÍDEA
15-07,TÉRREA LÍRIO
15-08,SOBRADO ACÁCIA 4QIG
15-09,TÉRREA LÍRIO
15-10,TÉRREA LÍRIO
15-11,SOBRADO AZALÉIA 4QIG
15-12,SOBRADO AZALÉIA 4QIG
15-13,TÉRREA ORQUÍDEA
15-14,TÉRREA LÍRIO
15-15,SOBRADO ACÁCIA 4QIG
15-16,SOBRADO AZALÉIA 4QIG
15-17,SOBRADO AZALÉIA 4QIG
15-18,SOBRADO AZALÉIA 4QIG
15-19,SOBRADO AZALÉIA 4QIG
15-20,SOBRADO AZALÉIA 4QIG
15-21,SOBRADO AZALÉIA 4QIG
15-22,SOBRADO AZALÉIA 4QIG
15-23,SOBRADO AZALÉIA 4QIG
15-24,SOBRADO AZALÉIA 4QIG
15-25,SOBRADO AZALÉIA 4QIG
15-26,SOBRADO AZALÉIA 4QIG
15-27,SOBRADO AZALÉIA 4QIG
15-28,SOBRADO AZALÉIA 4QIG
15-29,SOBRADO AZALÉIA 4QIG
15-30,SOBRADO AZALÉIA 4QIG
16-01,SOBRADO ACÁCIA 4QIG
16-02,TÉRREA LÍRIO
16-03,TÉRREA LÍRIO
16-04,TÉRREA LÍRIO
16-05,SOBRADO AZALÉIA 4QIG
16-06,TÉRREA LÍRIO
16-07,TÉRREA ORQUÍDEA
16-08,TÉRREA LÍRIO
16-09,SOBRADO AZALÉIA 4QIG
16-10,TÉRREA ORQUÍDEA
16-11,SOBRADO AZALÉIA 4QIG
16-12,TÉRREA LÍRIO
16-13,TÉRREA LÍRIO
16-14,TÉRREA LÍRIO
16-15,TÉRREA LÍRIO
16-16,SOBRADO AZALÉIA 4QIG
16-17,TÉRREA LÍRIO
16-18,TÉRREA ORQUÍDEA
16-19,SOBRADO AZALÉIA 4QIG
16-20,SOBRADO AZALÉIA 4QIG
16-21,SOBRADO AZALÉIA 4QIG
16-22,SOBRADO AZALÉIA 4QIG
16-23,SOBRADO ACÁCIA 4QIG
16-24,SOBRADO AZALÉIA 4QIG
16-25,SOBRADO AZALÉIA 4QIG
16-26,SOBRADO AZALÉIA 4QIG
16-27,SOBRADO ACÁCIA 4QIG
16-28,SOBRADO ACÁCIA 4QIG
16-29,SOBRADO AZALÉIA 4QIG
16-30,SOBRADO AZALÉIA 4QIG
16-31,SOBRADO AZALÉIA 4QIG
16-32,SOBRADO AZALÉIA 4QIG
16-33,SOBRADO AZALÉIA 4QIG
16-34,SOBRADO ACÁCIA 4QIG
16-35,SOBRADO ACÁCIA 4QIG
16-36,SOBRADO AZALÉIA 4QIG
16-37,SOBRADO ACÁCIA 4QIG
16-38,SOBRADO AZALÉIA 4QIG
16-39,SOBRADO AZALÉIA 4QIG
16-40,SOBRADO AZALÉIA 4QIG
16-41,SOBRADO ACÁCIA 4QIG
17-01,SOBRADO ACÁCIA 4QIG
17-02,TÉRREA ORQUÍDEA
17-03,TÉRREA LÍRIO
17-04,SOBRADO ACÁCIA 4QIG
17-05,SOBRADO AZALÉIA 4QIG
17-06,TÉRREA LÍRIO
17-07,TÉRREA ORQUÍDEA
17-08,TÉRREA ORQUÍDEA
17-09,TÉRREA LÍRIO
17-10,SOBRADO AZALÉIA 4QIG
17-11,SOBRADO AZALÉIA 4QIG
17-12,TÉRREA ORQUÍDEA
17-13,TÉRREA LÍRIO
17-14,SOBRADO AZALÉIA 4QIG
17-15,SOBRADO AZALÉIA 4QIG
17-16,SOBRADO AZALÉIA 4QIG
17-17,SOBRADO AZALÉIA 4QIG
17-18,SOBRADO AZALÉIA 4QIG
17-19,SOBRADO AZALÉIA 4QIG
17-20,SOBRADO AZALÉIA 4QIG
17-21,SOBRADO AZALÉIA 4QIG
17-22,SOBRADO AZALÉIA 4QIG
17-23,SOBRADO AZALÉIA 4QIG
17-24,SOBRADO AZALÉIA 4QIG
17-25,SOBRADO AZALÉIA 4QIG
17-26,SOBRADO AZALÉIA 4QIG
17-27,SOBRADO AZALÉIA 4QIG
17-28,SOBRADO ACÁCIA 4QIG
17-29,SOBRADO AZALÉIA 4QIG
17-30,SOBRADO ACÁCIA 3Q3S
18-01,SOBRADO AZALÉIA 4QIG
18-02,SOBRADO ACÁCIA 4QIG
18-03,SOBRADO AZALÉIA 4QIG
18-04,SOBRADO AZALÉIA 4QIG
18-05,SOBRADO AZALÉIA 4QIG
18-06,SOBRADO AZALÉIA 4QIG
18-07,SOBRADO AZALÉIA 4QIG
18-08,SOBRADO ACÁCIA 4QIG
18-09,SOBRADO AZALÉIA 4QIG
